-- phpMyAdmin SQL Dump
-- version 5.2.0
-- https://www.phpmyadmin.net/
--
-- Host: 127.0.0.1
-- Generation Time: Jan 12, 2024 at 03:41 PM
-- Server version: 10.4.24-MariaDB
-- PHP Version: 8.0.19

SET SQL_MODE = "NO_AUTO_VALUE_ON_ZERO";
START TRANSACTION;
SET time_zone = "+00:00";


/*!40101 SET @OLD_CHARACTER_SET_CLIENT=@@CHARACTER_SET_CLIENT */;
/*!40101 SET @OLD_CHARACTER_SET_RESULTS=@@CHARACTER_SET_RESULTS */;
/*!40101 SET @OLD_COLLATION_CONNECTION=@@COLLATION_CONNECTION */;
/*!40101 SET NAMES utf8mb4 */;

--
-- Database: `sias`
--

-- --------------------------------------------------------

--
-- Table structure for table `tbl_attendance`
--

CREATE TABLE `tbl_attendance` (
  `id` int(11) NOT NULL,
  `student_id` varchar(255) DEFAULT NULL,
  `course_id` int(11) DEFAULT NULL,
  `date1` date DEFAULT NULL,
  `attendance` int(11) DEFAULT NULL,
  `creation_date` date DEFAULT curdate(),
  `last_modified` timestamp NOT NULL DEFAULT current_timestamp() ON UPDATE current_timestamp()
) ENGINE=InnoDB DEFAULT CHARSET=utf8mb4;

--
-- Dumping data for table `tbl_attendance`
--

INSERT INTO `tbl_attendance` (`id`, `student_id`, `course_id`, `date1`, `attendance`, `creation_date`, `last_modified`) VALUES
(37, '170115', 2, '2023-12-31', 1, '2023-12-31', '2023-12-31 13:56:35'),
(38, '170150', 2, '2023-12-31', 1, '2023-12-31', '2023-12-31 13:56:35'),
(39, '170151', 2, '2023-12-31', 1, '2023-12-31', '2023-12-31 13:56:35'),
(40, '180103', 2, '2023-12-31', 1, '2023-12-31', '2023-12-31 13:56:35'),
(41, '180105', 2, '2023-12-31', 0, '2023-12-31', '2023-12-31 13:56:35'),
(42, '180112', 2, '2023-12-31', 0, '2023-12-31', '2023-12-31 13:56:35'),
(43, '180119', 2, '2023-12-31', 0, '2023-12-31', '2023-12-31 13:56:35'),
(44, '180142', 2, '2023-12-31', 0, '2023-12-31', '2023-12-31 13:56:35'),
(45, '180143', 2, '2023-12-31', 1, '2023-12-31', '2023-12-31 13:56:35'),
(46, '180149', 2, '2023-12-31', 1, '2023-12-31', '2023-12-31 13:56:35'),
(47, '180151', 2, '2023-12-31', 1, '2023-12-31', '2023-12-31 13:56:35'),
(48, '190113', 2, '2023-12-31', 1, '2023-12-31', '2023-12-31 13:56:35'),
(49, '190114', 2, '2023-12-31', 0, '2023-12-31', '2023-12-31 13:56:35'),
(50, '190116', 2, '2023-12-31', 0, '2023-12-31', '2023-12-31 13:56:35'),
(51, '190118', 2, '2023-12-31', 0, '2023-12-31', '2023-12-31 13:56:35'),
(52, '190119', 2, '2023-12-31', 0, '2023-12-31', '2023-12-31 13:56:35'),
(53, '190122', 2, '2023-12-31', 1, '2023-12-31', '2023-12-31 13:56:35'),
(54, '190135', 2, '2023-12-31', 1, '2023-12-31', '2023-12-31 13:56:35'),
(55, '170115', 2, '2023-12-29', 1, '2023-12-31', '2024-01-08 11:46:38'),
(56, '170150', 2, '2023-12-29', 1, '2023-12-31', '2024-01-08 11:46:38'),
(57, '170151', 2, '2023-12-29', 1, '2023-12-31', '2024-01-08 11:46:38'),
(58, '180103', 2, '2023-12-29', 1, '2023-12-31', '2024-01-08 11:46:38'),
(59, '180105', 2, '2023-12-29', 0, '2023-12-31', '2024-01-08 11:46:38'),
(60, '180112', 2, '2023-12-29', 0, '2023-12-31', '2024-01-08 11:46:38'),
(61, '180119', 2, '2023-12-29', 0, '2023-12-31', '2024-01-08 11:46:38'),
(62, '180142', 2, '2023-12-29', 0, '2023-12-31', '2024-01-08 11:46:38'),
(63, '180143', 2, '2023-12-29', 1, '2023-12-31', '2024-01-08 11:46:38'),
(64, '180149', 2, '2023-12-29', 1, '2023-12-31', '2024-01-08 11:46:38'),
(65, '180151', 2, '2023-12-29', 1, '2023-12-31', '2024-01-08 11:46:38'),
(66, '190113', 2, '2023-12-29', 1, '2023-12-31', '2024-01-08 11:46:38'),
(67, '190114', 2, '2023-12-29', 0, '2023-12-31', '2024-01-08 11:46:38'),
(68, '190116', 2, '2023-12-29', 0, '2023-12-31', '2024-01-08 11:46:38'),
(69, '190118', 2, '2023-12-29', 0, '2023-12-31', '2024-01-08 11:46:38'),
(70, '190119', 2, '2023-12-29', 0, '2023-12-31', '2024-01-08 11:46:38'),
(71, '190122', 2, '2023-12-29', 1, '2023-12-31', '2024-01-08 11:46:38'),
(72, '190135', 2, '2023-12-29', 1, '2023-12-31', '2024-01-08 11:46:38'),
(73, '170115', 2, '2023-12-30', 1, '2023-12-31', '2023-12-31 14:28:27'),
(74, '170150', 2, '2023-12-30', 1, '2023-12-31', '2023-12-31 14:28:27'),
(75, '170151', 2, '2023-12-30', 1, '2023-12-31', '2023-12-31 14:28:27'),
(76, '180103', 2, '2023-12-30', 1, '2023-12-31', '2023-12-31 14:28:27'),
(77, '180105', 2, '2023-12-30', 0, '2023-12-31', '2023-12-31 14:28:27'),
(78, '180112', 2, '2023-12-30', 0, '2023-12-31', '2023-12-31 14:28:27'),
(79, '180119', 2, '2023-12-30', 0, '2023-12-31', '2023-12-31 14:28:27'),
(80, '180142', 2, '2023-12-30', 0, '2023-12-31', '2023-12-31 14:28:27'),
(81, '180143', 2, '2023-12-30', 1, '2023-12-31', '2023-12-31 14:28:27'),
(82, '180149', 2, '2023-12-30', 1, '2023-12-31', '2023-12-31 14:28:27'),
(83, '180151', 2, '2023-12-30', 1, '2023-12-31', '2023-12-31 14:28:27'),
(84, '190113', 2, '2023-12-30', 1, '2023-12-31', '2023-12-31 14:28:27'),
(85, '190114', 2, '2023-12-30', 0, '2023-12-31', '2023-12-31 14:28:27'),
(86, '190116', 2, '2023-12-30', 0, '2023-12-31', '2023-12-31 14:28:27'),
(87, '190118', 2, '2023-12-30', 0, '2023-12-31', '2023-12-31 14:28:27'),
(88, '190119', 2, '2023-12-30', 0, '2023-12-31', '2023-12-31 14:28:27'),
(89, '190122', 2, '2023-12-30', 1, '2023-12-31', '2023-12-31 14:28:27'),
(90, '190135', 2, '2023-12-30', 1, '2023-12-31', '2023-12-31 14:28:27'),
(91, '170115', 1, '2024-01-01', 1, '2024-01-01', '2024-01-01 09:56:43'),
(92, '170150', 1, '2024-01-01', 1, '2024-01-01', '2024-01-01 09:56:43'),
(93, '170151', 1, '2024-01-01', 1, '2024-01-01', '2024-01-01 09:56:43'),
(94, '180103', 1, '2024-01-01', 1, '2024-01-01', '2024-01-01 09:56:43'),
(95, '180105', 1, '2024-01-01', 1, '2024-01-01', '2024-01-01 09:56:43'),
(96, '180112', 1, '2024-01-01', 1, '2024-01-01', '2024-01-01 09:56:43'),
(97, '180119', 1, '2024-01-01', 0, '2024-01-01', '2024-01-01 09:56:43'),
(98, '180142', 1, '2024-01-01', 0, '2024-01-01', '2024-01-01 09:56:43'),
(99, '180143', 1, '2024-01-01', 0, '2024-01-01', '2024-01-01 09:56:43'),
(100, '180149', 1, '2024-01-01', 0, '2024-01-01', '2024-01-01 09:56:43'),
(101, '180151', 1, '2024-01-01', 0, '2024-01-01', '2024-01-01 09:56:43'),
(102, '190113', 1, '2024-01-01', 0, '2024-01-01', '2024-01-01 09:56:43'),
(103, '190114', 1, '2024-01-01', 0, '2024-01-01', '2024-01-01 09:56:43'),
(104, '190116', 1, '2024-01-01', 0, '2024-01-01', '2024-01-01 09:56:43'),
(105, '190118', 1, '2024-01-01', 1, '2024-01-01', '2024-01-01 09:56:43'),
(106, '190119', 1, '2024-01-01', 1, '2024-01-01', '2024-01-01 09:56:43'),
(107, '190122', 1, '2024-01-01', 1, '2024-01-01', '2024-01-01 09:56:43'),
(108, '190135', 1, '2024-01-01', 1, '2024-01-01', '2024-01-01 09:56:43'),
(109, '170115', 1, '2024-01-02', 1, '2024-01-01', '2024-01-01 10:19:18'),
(110, '170150', 1, '2024-01-02', 1, '2024-01-01', '2024-01-01 10:19:18'),
(111, '170151', 1, '2024-01-02', 1, '2024-01-01', '2024-01-01 10:19:18'),
(112, '180103', 1, '2024-01-02', 1, '2024-01-01', '2024-01-01 10:19:18'),
(113, '180105', 1, '2024-01-02', 1, '2024-01-01', '2024-01-01 10:19:18'),
(114, '180112', 1, '2024-01-02', 1, '2024-01-01', '2024-01-01 10:19:18'),
(115, '180119', 1, '2024-01-02', 1, '2024-01-01', '2024-01-01 10:19:18'),
(116, '180142', 1, '2024-01-02', 1, '2024-01-01', '2024-01-01 10:19:18'),
(117, '180143', 1, '2024-01-02', 1, '2024-01-01', '2024-01-01 10:19:18'),
(118, '180149', 1, '2024-01-02', 1, '2024-01-01', '2024-01-01 10:19:18'),
(119, '180151', 1, '2024-01-02', 1, '2024-01-01', '2024-01-01 10:19:18'),
(120, '190113', 1, '2024-01-02', 1, '2024-01-01', '2024-01-01 10:19:18'),
(121, '190114', 1, '2024-01-02', 1, '2024-01-01', '2024-01-01 10:19:18'),
(122, '190116', 1, '2024-01-02', 1, '2024-01-01', '2024-01-01 10:19:18'),
(123, '190118', 1, '2024-01-02', 1, '2024-01-01', '2024-01-01 10:19:18'),
(124, '190119', 1, '2024-01-02', 0, '2024-01-01', '2024-01-01 10:19:18'),
(125, '190122', 1, '2024-01-02', 1, '2024-01-01', '2024-01-01 10:52:32'),
(126, '190135', 1, '2024-01-02', 1, '2024-01-01', '2024-01-01 10:52:32'),
(127, '170115', 1, '2024-01-03', 0, '2024-01-01', '2024-01-11 21:28:45'),
(128, '170150', 1, '2024-01-03', 1, '2024-01-01', '2024-01-01 12:47:49'),
(129, '170151', 1, '2024-01-03', 1, '2024-01-01', '2024-01-01 12:47:49'),
(130, '180103', 1, '2024-01-03', 1, '2024-01-01', '2024-01-04 16:35:15'),
(131, '180105', 1, '2024-01-03', 1, '2024-01-01', '2024-01-11 21:28:45'),
(132, '180112', 1, '2024-01-03', 0, '2024-01-01', '2024-01-01 12:47:49'),
(133, '180119', 1, '2024-01-03', 0, '2024-01-01', '2024-01-01 12:47:49'),
(134, '180142', 1, '2024-01-03', 0, '2024-01-01', '2024-01-01 12:47:49'),
(135, '180143', 1, '2024-01-03', 0, '2024-01-01', '2024-01-01 12:47:49'),
(136, '180149', 1, '2024-01-03', 0, '2024-01-01', '2024-01-01 12:47:49'),
(137, '180151', 1, '2024-01-03', 0, '2024-01-01', '2024-01-01 12:47:49'),
(138, '190113', 1, '2024-01-03', 0, '2024-01-01', '2024-01-01 12:47:49'),
(139, '190114', 1, '2024-01-03', 0, '2024-01-01', '2024-01-01 12:47:49'),
(140, '190116', 1, '2024-01-03', 0, '2024-01-01', '2024-01-01 12:47:49'),
(141, '190118', 1, '2024-01-03', 0, '2024-01-01', '2024-01-01 12:47:49'),
(142, '190119', 1, '2024-01-03', 1, '2024-01-01', '2024-01-01 12:47:49'),
(143, '190122', 1, '2024-01-03', 1, '2024-01-01', '2024-01-01 12:47:49'),
(144, '190135', 1, '2024-01-03', 1, '2024-01-01', '2024-01-01 12:47:49'),
(145, '170115', 2, '2024-01-01', 0, '2024-01-01', '2024-01-01 13:48:32'),
(146, '170150', 2, '2024-01-01', 1, '2024-01-01', '2024-01-01 13:48:32'),
(147, '170151', 2, '2024-01-01', 1, '2024-01-01', '2024-01-01 13:48:32'),
(148, '180103', 2, '2024-01-01', 1, '2024-01-01', '2024-01-01 13:48:32'),
(149, '180105', 2, '2024-01-01', 1, '2024-01-01', '2024-01-01 13:48:32'),
(150, '180112', 2, '2024-01-01', 1, '2024-01-01', '2024-01-01 13:48:32'),
(151, '180119', 2, '2024-01-01', 1, '2024-01-01', '2024-01-01 13:48:32'),
(152, '180142', 2, '2024-01-01', 1, '2024-01-01', '2024-01-01 13:48:32'),
(153, '180143', 2, '2024-01-01', 1, '2024-01-01', '2024-01-01 13:48:32'),
(154, '180149', 2, '2024-01-01', 1, '2024-01-01', '2024-01-01 13:48:32'),
(155, '180151', 2, '2024-01-01', 1, '2024-01-01', '2024-01-01 13:48:32'),
(156, '190113', 2, '2024-01-01', 1, '2024-01-01', '2024-01-01 13:48:32'),
(157, '190114', 2, '2024-01-01', 1, '2024-01-01', '2024-01-01 13:48:32'),
(158, '190116', 2, '2024-01-01', 1, '2024-01-01', '2024-01-01 13:48:32'),
(159, '190118', 2, '2024-01-01', 0, '2024-01-01', '2024-01-01 13:48:32'),
(160, '190119', 2, '2024-01-01', 0, '2024-01-01', '2024-01-01 13:48:32'),
(161, '190122', 2, '2024-01-01', 1, '2024-01-01', '2024-01-03 11:53:44'),
(162, '190135', 2, '2024-01-01', 0, '2024-01-01', '2024-01-01 13:52:58'),
(163, '170115', 2, '2024-01-08', 1, '2024-01-08', '2024-01-08 11:46:19'),
(164, '170150', 2, '2024-01-08', 1, '2024-01-08', '2024-01-08 11:46:19'),
(165, '170151', 2, '2024-01-08', 1, '2024-01-08', '2024-01-08 11:46:19'),
(166, '180103', 2, '2024-01-08', 1, '2024-01-08', '2024-01-08 11:46:19'),
(167, '180105', 2, '2024-01-08', 1, '2024-01-08', '2024-01-08 11:46:19'),
(168, '180112', 2, '2024-01-08', 1, '2024-01-08', '2024-01-08 11:46:19'),
(169, '180119', 2, '2024-01-08', 0, '2024-01-08', '2024-01-08 11:46:19'),
(170, '180142', 2, '2024-01-08', 0, '2024-01-08', '2024-01-08 11:46:19'),
(171, '180143', 2, '2024-01-08', 0, '2024-01-08', '2024-01-08 11:46:19'),
(172, '180149', 2, '2024-01-08', 0, '2024-01-08', '2024-01-08 11:46:19'),
(173, '180151', 2, '2024-01-08', 1, '2024-01-08', '2024-01-08 11:46:19'),
(174, '190113', 2, '2024-01-08', 1, '2024-01-08', '2024-01-08 11:46:19'),
(175, '190114', 2, '2024-01-08', 1, '2024-01-08', '2024-01-08 11:46:19'),
(176, '190116', 2, '2024-01-08', 1, '2024-01-08', '2024-01-08 11:46:19'),
(177, '190118', 2, '2024-01-08', 1, '2024-01-08', '2024-01-08 11:46:19'),
(178, '190119', 2, '2024-01-08', 1, '2024-01-08', '2024-01-08 11:46:19'),
(179, '190122', 2, '2024-01-08', 1, '2024-01-08', '2024-01-08 11:46:19'),
(180, '190135', 2, '2024-01-08', 1, '2024-01-08', '2024-01-08 11:46:19'),
(181, '190160', 2, '2024-01-08', 0, '2024-01-08', '2024-01-08 11:52:29'),
(182, '190160', 2, '2024-01-01', 0, '2024-01-08', '2024-01-08 11:52:29'),
(183, '190160', 2, '2023-12-31', 0, '2024-01-08', '2024-01-08 11:52:29'),
(184, '190160', 2, '2023-12-30', 0, '2024-01-08', '2024-01-08 11:52:29'),
(185, '190160', 2, '2023-12-29', 1, '2024-01-08', '2024-01-08 11:53:19'),
(186, '170115', 5, '2024-01-08', 1, '2024-01-08', '2024-01-08 15:09:44'),
(187, '170150', 5, '2024-01-08', 1, '2024-01-08', '2024-01-08 15:09:44'),
(188, '170151', 5, '2024-01-08', 1, '2024-01-08', '2024-01-08 15:09:44'),
(189, '180103', 5, '2024-01-08', 0, '2024-01-08', '2024-01-08 15:09:44'),
(190, '180105', 5, '2024-01-08', 0, '2024-01-08', '2024-01-08 15:09:44'),
(191, '180112', 5, '2024-01-08', 0, '2024-01-08', '2024-01-08 15:09:44'),
(192, '180119', 5, '2024-01-08', 0, '2024-01-08', '2024-01-08 15:09:44'),
(193, '180142', 5, '2024-01-08', 1, '2024-01-08', '2024-01-08 15:10:03'),
(194, '180143', 5, '2024-01-08', 1, '2024-01-08', '2024-01-08 15:09:44'),
(195, '180149', 5, '2024-01-08', 1, '2024-01-08', '2024-01-08 15:09:44'),
(196, '180151', 5, '2024-01-08', 1, '2024-01-08', '2024-01-08 15:09:44'),
(197, '190113', 5, '2024-01-08', 1, '2024-01-08', '2024-01-08 15:09:44'),
(198, '190114', 5, '2024-01-08', 1, '2024-01-08', '2024-01-08 15:09:44'),
(199, '190116', 5, '2024-01-08', 1, '2024-01-08', '2024-01-08 15:09:44'),
(200, '190118', 5, '2024-01-08', 1, '2024-01-08', '2024-01-08 15:09:44'),
(201, '190119', 5, '2024-01-08', 1, '2024-01-08', '2024-01-08 15:09:44'),
(202, '190122', 5, '2024-01-08', 1, '2024-01-08', '2024-01-08 15:09:44'),
(203, '190135', 5, '2024-01-08', 1, '2024-01-08', '2024-01-08 15:09:44'),
(204, '170115', 5, '2024-01-12', 1, '2024-01-12', '2024-01-11 20:54:57'),
(205, '170150', 5, '2024-01-12', 0, '2024-01-12', '2024-01-11 20:54:57'),
(206, '170151', 5, '2024-01-12', 1, '2024-01-12', '2024-01-11 20:54:57'),
(207, '180103', 5, '2024-01-12', 1, '2024-01-12', '2024-01-11 20:54:57'),
(208, '180105', 5, '2024-01-12', 1, '2024-01-12', '2024-01-11 20:54:57'),
(209, '180112', 5, '2024-01-12', 0, '2024-01-12', '2024-01-11 20:54:57'),
(210, '180119', 5, '2024-01-12', 1, '2024-01-12', '2024-01-11 20:54:57'),
(211, '180142', 5, '2024-01-12', 0, '2024-01-12', '2024-01-11 20:54:57'),
(212, '180143', 5, '2024-01-12', 0, '2024-01-12', '2024-01-11 20:54:57'),
(213, '180149', 5, '2024-01-12', 1, '2024-01-12', '2024-01-11 20:54:57'),
(214, '180151', 5, '2024-01-12', 1, '2024-01-12', '2024-01-11 20:54:57'),
(215, '190113', 5, '2024-01-12', 0, '2024-01-12', '2024-01-11 20:54:57'),
(216, '190114', 5, '2024-01-12', 0, '2024-01-12', '2024-01-11 20:54:57'),
(217, '190116', 5, '2024-01-12', 1, '2024-01-12', '2024-01-11 20:54:57'),
(218, '190118', 5, '2024-01-12', 1, '2024-01-12', '2024-01-11 20:54:57'),
(219, '190119', 5, '2024-01-12', 1, '2024-01-12', '2024-01-11 20:54:57'),
(220, '190122', 5, '2024-01-12', 1, '2024-01-12', '2024-01-11 20:54:57'),
(221, '190135', 5, '2024-01-12', 1, '2024-01-12', '2024-01-11 20:54:57');

-- --------------------------------------------------------

--
-- Table structure for table `tbl_course_details`
--

CREATE TABLE `tbl_course_details` (
  `course_id` int(11) NOT NULL,
  `taken_by` int(11) DEFAULT NULL,
  `session` varchar(255) NOT NULL,
  `department` varchar(100) DEFAULT NULL,
  `course_code` varchar(50) NOT NULL,
  `course_title` varchar(255) DEFAULT NULL,
  `credit` float DEFAULT NULL,
  `completed` int(11) DEFAULT 0,
  `join_by_id` int(11) DEFAULT 1,
  `creation_date` date DEFAULT curdate(),
  `last_modified` timestamp NOT NULL DEFAULT current_timestamp() ON UPDATE current_timestamp()
) ENGINE=InnoDB DEFAULT CHARSET=utf8mb4;

--
-- Dumping data for table `tbl_course_details`
--

INSERT INTO `tbl_course_details` (`course_id`, `taken_by`, `session`, `department`, `course_code`, `course_title`, `credit`, `completed`, `join_by_id`, `creation_date`, `last_modified`) VALUES
(1, 2, '2019-2020', 'Computer Science And Engineering', 'CSE1101', 'C Programming', 3, 0, 1, '2023-12-25', '2024-01-11 21:26:25'),
(2, 2, '2019-2020', 'Computer Science And Engineering', 'CSE1102', 'C Programming Lab', 1.5, 1, 1, '2023-12-25', '2024-01-11 18:34:01'),
(3, 2, '2019-2020', 'Computer Science And Engineering', 'CSE1103', 'Data Structures and Algorithms', 3.5, 1, 1, '2023-12-25', '2024-01-04 16:27:37'),
(4, 2, '2019-2020', 'Computer Science And Engineering', 'CSE1104', 'Algorithms Lab - I', 1.5, -1, 1, '2023-12-25', '2024-01-05 14:49:37'),
(5, 2, '2019-2020', 'Computer Science And Engineering', 'CSE1105', 'Database Management Systems', 3, 1, 1, '2023-12-25', '2024-01-11 21:11:23'),
(6, 2, '2019-2020', 'Computer Science And Engineering', 'CSE3301', 'Database Systems Lab', 1.5, 1, 1, '2023-12-25', '2024-01-11 21:55:36'),
(7, 2, '2019-2020', 'Computer Science And Engineering', 'CSE4401', 'Software Engineering', 3, 0, 1, '2023-12-25', '2023-12-24 19:53:43'),
(8, 2, '2019-2020', 'Computer Science And Engineering', 'CSE4402', 'Software Engineering Lab', 1.5, 0, 1, '2023-12-25', '2023-12-24 19:53:43'),
(9, 2, '2019-2020', 'Computer Science And Engineering', 'CSE5501', 'Machine Learning Fundamentals', 3, 0, 1, '2023-12-25', '2023-12-24 19:53:43'),
(10, 2, '2019-2020', 'Computer Science And Engineering', 'CSE5502', 'Machine Learning Lab', 1.5, 0, 1, '2023-12-25', '2023-12-24 19:53:43'),
(11, 2, '2021-2022', 'Mathematics', 'CSE2219', 'LaTex', 3, 0, 1, '2024-01-02', '2024-01-05 16:54:08'),
(12, 2, '2021-2022', 'Mathematics', 'CSE2219', 'LaTex', 3, -1, 0, '2024-01-02', '2024-01-05 16:54:24'),
(13, 32, '2019-2020', 'Computer Science And Engineering', 'MATH-3201', 'Linear Algebra for Engineers', 3, 0, 1, '2024-01-11', '2024-01-10 23:07:18'),
(14, 32, '2019-2020', 'Computer Science And Engineering', 'CSE-1103', 'Discrete Mathmatics', 3, 0, 1, '2024-01-11', '2024-01-10 23:08:49'),
(15, 2, '2019-2020', 'Computer Science And Engineering', 'CSE-2201', 'Data Communication for Engineers', 3, 0, 1, '2024-01-12', '2024-01-11 20:45:51');

-- --------------------------------------------------------

--
-- Table structure for table `tbl_course_enroll`
--

CREATE TABLE `tbl_course_enroll` (
  `id` int(11) NOT NULL,
  `student_id` varchar(255) DEFAULT NULL,
  `course_id` int(11) DEFAULT NULL,
  `creation_date` date DEFAULT curdate(),
  `last_modified` timestamp NOT NULL DEFAULT current_timestamp() ON UPDATE current_timestamp()
) ENGINE=InnoDB DEFAULT CHARSET=utf8mb4;

--
-- Dumping data for table `tbl_course_enroll`
--

INSERT INTO `tbl_course_enroll` (`id`, `student_id`, `course_id`, `creation_date`, `last_modified`) VALUES
(1, '190122', 1, '2023-12-25', '2023-12-24 20:18:15'),
(2, '190122', 2, '2023-12-25', '2023-12-24 20:18:15'),
(3, '190122', 3, '2023-12-25', '2023-12-24 20:18:15'),
(4, '190122', 4, '2023-12-25', '2023-12-24 20:18:15'),
(5, '190122', 5, '2023-12-25', '2023-12-24 20:18:15'),
(6, '190122', 6, '2023-12-25', '2023-12-24 20:18:15'),
(7, '190122', 7, '2023-12-25', '2023-12-24 20:18:15'),
(8, '190122', 8, '2023-12-25', '2023-12-24 20:18:15'),
(9, '190122', 9, '2023-12-25', '2023-12-24 20:18:15'),
(10, '190122', 10, '2023-12-25', '2023-12-24 20:18:15'),
(11, '170115', 1, '2023-12-25', '2023-12-24 20:18:15'),
(12, '170115', 2, '2023-12-25', '2023-12-24 20:18:15'),
(13, '170115', 3, '2023-12-25', '2023-12-24 20:18:15'),
(14, '170115', 4, '2023-12-25', '2023-12-24 20:18:15'),
(15, '170115', 5, '2023-12-25', '2023-12-24 20:18:15'),
(17, '170115', 7, '2023-12-25', '2023-12-24 20:18:16'),
(18, '170115', 8, '2023-12-25', '2023-12-24 20:18:16'),
(19, '170115', 9, '2023-12-25', '2023-12-24 20:18:16'),
(20, '170115', 10, '2023-12-25', '2023-12-24 20:18:16'),
(21, '170150', 1, '2023-12-25', '2023-12-24 20:18:16'),
(22, '170150', 2, '2023-12-25', '2023-12-24 20:18:16'),
(23, '170150', 3, '2023-12-25', '2023-12-24 20:18:16'),
(24, '170150', 4, '2023-12-25', '2023-12-24 20:18:16'),
(25, '170150', 5, '2023-12-25', '2023-12-24 20:18:16'),
(26, '170150', 6, '2023-12-25', '2023-12-24 20:18:16'),
(27, '170150', 7, '2023-12-25', '2023-12-24 20:18:16'),
(28, '170150', 8, '2023-12-25', '2023-12-24 20:18:16'),
(29, '170150', 9, '2023-12-25', '2023-12-24 20:18:16'),
(30, '170150', 10, '2023-12-25', '2023-12-24 20:18:16'),
(31, '170151', 1, '2023-12-25', '2023-12-24 20:18:16'),
(32, '170151', 2, '2023-12-25', '2023-12-24 20:18:16'),
(33, '170151', 3, '2023-12-25', '2023-12-24 20:18:16'),
(34, '170151', 4, '2023-12-25', '2023-12-24 20:18:16'),
(35, '170151', 5, '2023-12-25', '2023-12-24 20:18:16'),
(36, '170151', 6, '2023-12-25', '2023-12-24 20:18:16'),
(37, '170151', 7, '2023-12-25', '2023-12-24 20:18:16'),
(38, '170151', 8, '2023-12-25', '2023-12-24 20:18:16'),
(39, '170151', 9, '2023-12-25', '2023-12-24 20:18:16'),
(40, '170151', 10, '2023-12-25', '2023-12-24 20:18:16'),
(41, '180103', 1, '2023-12-25', '2023-12-24 20:18:16'),
(42, '180103', 2, '2023-12-25', '2023-12-24 20:18:16'),
(43, '180103', 3, '2023-12-25', '2023-12-24 20:18:16'),
(44, '180103', 4, '2023-12-25', '2023-12-24 20:18:16'),
(45, '180103', 5, '2023-12-25', '2023-12-24 20:18:16'),
(46, '180103', 6, '2023-12-25', '2023-12-24 20:18:16'),
(47, '180103', 7, '2023-12-25', '2023-12-24 20:18:16'),
(48, '180103', 8, '2023-12-25', '2023-12-24 20:18:16'),
(49, '180103', 9, '2023-12-25', '2023-12-24 20:18:16'),
(50, '180103', 10, '2023-12-25', '2023-12-24 20:18:16'),
(51, '180105', 1, '2023-12-25', '2023-12-24 20:18:16'),
(52, '180105', 2, '2023-12-25', '2023-12-24 20:18:16'),
(53, '180105', 3, '2023-12-25', '2023-12-24 20:18:16'),
(54, '180105', 4, '2023-12-25', '2023-12-24 20:18:16'),
(55, '180105', 5, '2023-12-25', '2023-12-24 20:18:16'),
(56, '180105', 6, '2023-12-25', '2023-12-24 20:18:16'),
(57, '180105', 7, '2023-12-25', '2023-12-24 20:18:16'),
(58, '180105', 8, '2023-12-25', '2023-12-24 20:18:16'),
(59, '180105', 9, '2023-12-25', '2023-12-24 20:18:16'),
(60, '180105', 10, '2023-12-25', '2023-12-24 20:18:16'),
(61, '180112', 1, '2023-12-25', '2023-12-24 20:18:17'),
(62, '180112', 2, '2023-12-25', '2023-12-24 20:18:17'),
(63, '180112', 3, '2023-12-25', '2023-12-24 20:18:17'),
(64, '180112', 4, '2023-12-25', '2023-12-24 20:18:17'),
(65, '180112', 5, '2023-12-25', '2023-12-24 20:18:17'),
(66, '180112', 6, '2023-12-25', '2023-12-24 20:18:17'),
(67, '180112', 7, '2023-12-25', '2023-12-24 20:18:17'),
(68, '180112', 8, '2023-12-25', '2023-12-24 20:18:17'),
(69, '180112', 9, '2023-12-25', '2023-12-24 20:18:17'),
(70, '180112', 10, '2023-12-25', '2023-12-24 20:18:17'),
(71, '180119', 1, '2023-12-25', '2023-12-24 20:18:17'),
(72, '180119', 2, '2023-12-25', '2023-12-24 20:18:17'),
(73, '180119', 3, '2023-12-25', '2023-12-24 20:18:17'),
(74, '180119', 4, '2023-12-25', '2023-12-24 20:18:17'),
(75, '180119', 5, '2023-12-25', '2023-12-24 20:18:17'),
(76, '180119', 6, '2023-12-25', '2023-12-24 20:18:17'),
(77, '180119', 7, '2023-12-25', '2023-12-24 20:18:17'),
(78, '180119', 8, '2023-12-25', '2023-12-24 20:18:17'),
(79, '180119', 9, '2023-12-25', '2023-12-24 20:18:17'),
(80, '180119', 10, '2023-12-25', '2023-12-24 20:18:17'),
(81, '180142', 1, '2023-12-25', '2023-12-24 20:18:17'),
(82, '180142', 2, '2023-12-25', '2023-12-24 20:18:17'),
(83, '180142', 3, '2023-12-25', '2023-12-24 20:18:17'),
(84, '180142', 4, '2023-12-25', '2023-12-24 20:18:17'),
(85, '180142', 5, '2023-12-25', '2023-12-24 20:18:17'),
(86, '180142', 6, '2023-12-25', '2023-12-24 20:18:17'),
(87, '180142', 7, '2023-12-25', '2023-12-24 20:18:17'),
(88, '180142', 8, '2023-12-25', '2023-12-24 20:18:17'),
(89, '180142', 9, '2023-12-25', '2023-12-24 20:18:17'),
(90, '180142', 10, '2023-12-25', '2023-12-24 20:18:17'),
(91, '180143', 1, '2023-12-25', '2023-12-24 20:18:17'),
(92, '180143', 2, '2023-12-25', '2023-12-24 20:18:17'),
(93, '180143', 3, '2023-12-25', '2023-12-24 20:18:17'),
(94, '180143', 4, '2023-12-25', '2023-12-24 20:18:17'),
(95, '180143', 5, '2023-12-25', '2023-12-24 20:18:17'),
(96, '180143', 6, '2023-12-25', '2023-12-24 20:18:17'),
(97, '180143', 7, '2023-12-25', '2023-12-24 20:18:17'),
(98, '180143', 8, '2023-12-25', '2023-12-24 20:18:17'),
(99, '180143', 9, '2023-12-25', '2023-12-24 20:18:17'),
(100, '180143', 10, '2023-12-25', '2023-12-24 20:18:17'),
(101, '180149', 1, '2023-12-25', '2023-12-24 20:18:18'),
(102, '180149', 2, '2023-12-25', '2023-12-24 20:18:18'),
(103, '180149', 3, '2023-12-25', '2023-12-24 20:18:18'),
(104, '180149', 4, '2023-12-25', '2023-12-24 20:18:18'),
(105, '180149', 5, '2023-12-25', '2023-12-24 20:18:18'),
(106, '180149', 6, '2023-12-25', '2023-12-24 20:18:18'),
(107, '180149', 7, '2023-12-25', '2023-12-24 20:18:18'),
(108, '180149', 8, '2023-12-25', '2023-12-24 20:18:18'),
(109, '180149', 9, '2023-12-25', '2023-12-24 20:18:18'),
(110, '180149', 10, '2023-12-25', '2023-12-24 20:18:18'),
(111, '180151', 1, '2023-12-25', '2023-12-24 20:18:18'),
(112, '180151', 2, '2023-12-25', '2023-12-24 20:18:18'),
(113, '180151', 3, '2023-12-25', '2023-12-24 20:18:18'),
(114, '180151', 4, '2023-12-25', '2023-12-24 20:18:18'),
(115, '180151', 5, '2023-12-25', '2023-12-24 20:18:18'),
(116, '180151', 6, '2023-12-25', '2023-12-24 20:18:18'),
(117, '180151', 7, '2023-12-25', '2023-12-24 20:18:18'),
(118, '180151', 8, '2023-12-25', '2023-12-24 20:18:18'),
(119, '180151', 9, '2023-12-25', '2023-12-24 20:18:18'),
(120, '180151', 10, '2023-12-25', '2023-12-24 20:18:18'),
(121, '190113', 1, '2023-12-25', '2023-12-24 20:18:18'),
(122, '190113', 2, '2023-12-25', '2023-12-24 20:18:18'),
(123, '190113', 3, '2023-12-25', '2023-12-24 20:18:18'),
(124, '190113', 4, '2023-12-25', '2023-12-24 20:18:18'),
(125, '190113', 5, '2023-12-25', '2023-12-24 20:18:18'),
(126, '190113', 6, '2023-12-25', '2023-12-24 20:18:18'),
(127, '190113', 7, '2023-12-25', '2023-12-24 20:18:18'),
(128, '190113', 8, '2023-12-25', '2023-12-24 20:18:18'),
(129, '190113', 9, '2023-12-25', '2023-12-24 20:18:18'),
(130, '190113', 10, '2023-12-25', '2023-12-24 20:18:18'),
(131, '190114', 1, '2023-12-25', '2023-12-24 20:18:18'),
(132, '190114', 2, '2023-12-25', '2023-12-24 20:18:18'),
(133, '190114', 3, '2023-12-25', '2023-12-24 20:18:18'),
(134, '190114', 4, '2023-12-25', '2023-12-24 20:18:18'),
(135, '190114', 5, '2023-12-25', '2023-12-24 20:18:18'),
(136, '190114', 6, '2023-12-25', '2023-12-24 20:18:18'),
(137, '190114', 7, '2023-12-25', '2023-12-24 20:18:18'),
(138, '190114', 8, '2023-12-25', '2023-12-24 20:18:18'),
(139, '190114', 9, '2023-12-25', '2023-12-24 20:18:18'),
(140, '190114', 10, '2023-12-25', '2023-12-24 20:18:18'),
(141, '190116', 1, '2023-12-25', '2023-12-24 20:18:18'),
(142, '190116', 2, '2023-12-25', '2023-12-24 20:18:18'),
(143, '190116', 3, '2023-12-25', '2023-12-24 20:18:19'),
(144, '190116', 4, '2023-12-25', '2023-12-24 20:18:19'),
(145, '190116', 5, '2023-12-25', '2023-12-24 20:18:19'),
(146, '190116', 6, '2023-12-25', '2023-12-24 20:18:19'),
(147, '190116', 7, '2023-12-25', '2023-12-24 20:18:19'),
(148, '190116', 8, '2023-12-25', '2023-12-24 20:18:19'),
(149, '190116', 9, '2023-12-25', '2023-12-24 20:18:19'),
(150, '190116', 10, '2023-12-25', '2023-12-24 20:18:19'),
(151, '190118', 1, '2023-12-25', '2023-12-24 20:18:19'),
(152, '190118', 2, '2023-12-25', '2023-12-24 20:18:19'),
(153, '190118', 3, '2023-12-25', '2023-12-24 20:18:19'),
(154, '190118', 4, '2023-12-25', '2023-12-24 20:18:19'),
(155, '190118', 5, '2023-12-25', '2023-12-24 20:18:19'),
(156, '190118', 6, '2023-12-25', '2023-12-24 20:18:19'),
(157, '190118', 7, '2023-12-25', '2023-12-24 20:18:19'),
(158, '190118', 8, '2023-12-25', '2023-12-24 20:18:19'),
(159, '190118', 9, '2023-12-25', '2023-12-24 20:18:19'),
(160, '190118', 10, '2023-12-25', '2023-12-24 20:18:19'),
(161, '190119', 1, '2023-12-25', '2023-12-24 20:18:19'),
(162, '190119', 2, '2023-12-25', '2023-12-24 20:18:19'),
(163, '190119', 3, '2023-12-25', '2023-12-24 20:18:19'),
(164, '190119', 4, '2023-12-25', '2023-12-24 20:18:19'),
(165, '190119', 5, '2023-12-25', '2023-12-24 20:18:19'),
(166, '190119', 6, '2023-12-25', '2023-12-24 20:18:19'),
(167, '190119', 7, '2023-12-25', '2023-12-24 20:18:19'),
(168, '190119', 8, '2023-12-25', '2023-12-24 20:18:19'),
(169, '190119', 9, '2023-12-25', '2023-12-24 20:18:19'),
(170, '190119', 10, '2023-12-25', '2023-12-24 20:18:19'),
(171, '190135', 1, '2023-12-25', '2023-12-24 21:19:19'),
(172, '190135', 2, '2023-12-25', '2023-12-24 21:19:25'),
(173, '190135', 3, '2023-12-25', '2023-12-24 21:19:28'),
(174, '190135', 4, '2023-12-25', '2023-12-24 21:19:32'),
(175, '190135', 5, '2023-12-25', '2023-12-24 21:19:43'),
(176, '190135', 6, '2023-12-25', '2023-12-24 21:20:11'),
(177, '190135', 7, '2023-12-25', '2023-12-24 21:20:14'),
(178, '190135', 8, '2023-12-25', '2023-12-24 21:20:17'),
(179, '190135', 9, '2023-12-25', '2023-12-24 21:20:20'),
(180, '190135', 10, '2023-12-25', '2023-12-24 21:20:36'),
(183, '170115', 13, '2024-01-11', '2024-01-11 13:33:55'),
(184, '170115', 15, '2024-01-12', '2024-01-11 21:35:05');

-- --------------------------------------------------------

--
-- Table structure for table `tbl_file`
--

CREATE TABLE `tbl_file` (
  `file_id` int(11) NOT NULL,
  `file_name` varchar(255) DEFAULT NULL,
  `file_deleted` int(11) DEFAULT 0,
  `creation_date` date DEFAULT curdate(),
  `last_modified` timestamp NOT NULL DEFAULT current_timestamp() ON UPDATE current_timestamp()
) ENGINE=InnoDB DEFAULT CHARSET=utf8mb4;

--
-- Dumping data for table `tbl_file`
--

INSERT INTO `tbl_file` (`file_id`, `file_name`, `file_deleted`, `creation_date`, `last_modified`) VALUES
(1, '1.jpg', 0, '2024-01-10', '2024-01-10 15:42:58'),
(2, '2.jpg', 0, '2024-01-10', '2024-01-10 17:57:30'),
(3, '3.jpg', 0, '2024-01-11', '2024-01-10 18:02:17'),
(4, '4.png', 0, '2024-01-11', '2024-01-10 18:16:14'),
(5, '5.jpg', 0, '2024-01-11', '2024-01-10 21:05:39'),
(6, '6.jpg', 0, '2024-01-11', '2024-01-10 21:20:57'),
(7, '7.jpg', 0, '2024-01-11', '2024-01-10 21:41:47'),
(8, '8.jpg', 0, '2024-01-11', '2024-01-10 22:01:32'),
(9, '9.jpg', 0, '2024-01-11', '2024-01-10 22:06:22'),
(10, '10.jpg', 0, '2024-01-11', '2024-01-10 22:50:21'),
(11, '11.jpg', 0, '2024-01-11', '2024-01-10 22:53:48');

-- --------------------------------------------------------

--
-- Table structure for table `tbl_student`
--

CREATE TABLE `tbl_student` (
  `id` int(11) NOT NULL,
  `user_id` int(11) DEFAULT NULL,
  `student_id` varchar(255) DEFAULT NULL,
  `session` varchar(255) NOT NULL,
  `registration_number` varchar(50) NOT NULL,
  `creation_date` date DEFAULT curdate(),
  `last_modified` timestamp NOT NULL DEFAULT current_timestamp() ON UPDATE current_timestamp()
) ENGINE=InnoDB DEFAULT CHARSET=utf8mb4;

--
-- Dumping data for table `tbl_student`
--

INSERT INTO `tbl_student` (`id`, `user_id`, `student_id`, `session`, `registration_number`, `creation_date`, `last_modified`) VALUES
(1, 4, '170115', '2019-2020', '170115.00', '2024-01-10', '2024-01-10 15:19:57'),
(2, 5, '170150', '2019-2020', '170150.00', '2024-01-10', '2024-01-10 15:19:57'),
(3, 6, '170151', '2019-2020', '170151.00', '2024-01-10', '2024-01-10 15:19:58'),
(4, 7, '180103', '2019-2020', '180103.00', '2024-01-10', '2024-01-10 15:19:58'),
(5, 8, '180105', '2019-2020', '180105.00', '2024-01-10', '2024-01-10 15:19:58'),
(6, 9, '180112', '2019-2020', '180112.00', '2024-01-10', '2024-01-10 15:19:58'),
(7, 10, '180119', '2019-2020', '180119.00', '2024-01-10', '2024-01-10 15:19:58'),
(8, 11, '180142', '2019-2020', '180142.00', '2024-01-10', '2024-01-10 15:19:59'),
(9, 12, '180143', '2019-2020', '180143.00', '2024-01-10', '2024-01-10 15:19:59'),
(10, 13, '180149', '2019-2020', '180149.00', '2024-01-10', '2024-01-10 15:19:59'),
(11, 14, '180151', '2019-2020', '180151.00', '2024-01-10', '2024-01-10 15:19:59'),
(12, 15, '190113', '2019-2020', '190113.00', '2024-01-10', '2024-01-10 15:19:59'),
(13, 16, '190114', '2019-2020', '190114.00', '2024-01-10', '2024-01-10 15:19:59'),
(14, 17, '190116', '2019-2020', '190116.00', '2024-01-10', '2024-01-10 15:20:00'),
(15, 18, '190118', '2019-2020', '190118.00', '2024-01-10', '2024-01-10 15:20:00'),
(16, 19, '190119', '2019-2020', '190119.00', '2024-01-10', '2024-01-10 15:20:00'),
(17, 20, '190122', '2019-2020', '190122.00', '2024-01-10', '2024-01-10 15:20:00'),
(18, 21, '190135', '2019-2020', '190135.00', '2024-01-10', '2024-01-10 15:20:00'),
(19, 22, '190151', '2019-2020', '1901047', '2024-01-10', '2024-01-10 15:42:58'),
(20, 23, '203', '2019-2020', '1901020', '2024-01-10', '2024-01-10 17:57:30'),
(21, 24, '190138', '2019-2020', '1901380', '2024-01-11', '2024-01-10 18:02:17'),
(22, 25, '190141', '2019-2020', '1901410', '2024-01-11', '2024-01-10 18:16:14'),
(23, 26, '190120', '2019-2020', '1901018', '2024-01-11', '2024-01-10 21:05:40'),
(24, 27, '', '2019-2020', '1901019', '2024-01-11', '2024-01-10 21:20:58'),
(25, 30, '190124', '2019-2020', '1901021', '2024-01-11', '2024-01-10 22:06:22');

-- --------------------------------------------------------

--
-- Table structure for table `tbl_user`
--

CREATE TABLE `tbl_user` (
  `user_id` int(11) NOT NULL,
  `password` varchar(255) NOT NULL,
  `account_type` varchar(50) NOT NULL,
  `full_name` varchar(100) DEFAULT NULL,
  `email` varchar(100) DEFAULT NULL,
  `contact` varchar(15) DEFAULT NULL,
  `department` varchar(100) DEFAULT NULL,
  `blood_group` varchar(5) DEFAULT NULL,
  `gender` varchar(100) DEFAULT NULL,
  `address` varchar(255) DEFAULT NULL,
  `deactivated` int(11) DEFAULT 0,
  `profile_image_id` int(11) DEFAULT 0,
  `creation_date` date DEFAULT curdate(),
  `last_modified` timestamp NOT NULL DEFAULT current_timestamp() ON UPDATE current_timestamp()
) ENGINE=InnoDB DEFAULT CHARSET=utf8mb4;

--
-- Dumping data for table `tbl_user`
--

INSERT INTO `tbl_user` (`user_id`, `password`, `account_type`, `full_name`, `email`, `contact`, `department`, `blood_group`, `gender`, `address`, `deactivated`, `profile_image_id`, `creation_date`, `last_modified`) VALUES
(1, '$2y$10$OBOEoT2LALmpBefZN6IKBO7osarQmJe9Zd.8FswZjssbORLwoBO3a', 'admin', 'Admin User', 'admin@admin', NULL, NULL, NULL, NULL, NULL, 0, 0, '2024-01-10', '2024-01-10 15:17:40'),
(2, '$2y$10$5.Q.IRJQMWiCkZQEPet/6OAxuQGrABRsWz7.uj06arid7dXSDAxQu', 'teacher', 'A Arafat', 'a.cse@just.edu.bd', '+8801835866504', 'Computer Science And Engineering', 'B+', 'male', '166/1 Narayangonj, Dhaka.', 0, 0, '2024-01-10', '2024-01-10 15:18:10'),
(3, '$2y$10$5.Q.IRJQMWiCkZQEPet/6OAxuQGrABRsWz7.uj06arid7dXSDAxQu', 'teacher', 'T Arisha', 't.cse@just.edu.bd', '+88016760575408', 'Computer Science And Engineering', 'O+', 'female', 'Khulna45/6', 0, 0, '2024-01-10', '2024-01-10 15:18:10'),
(4, '$2y$10$/62W7MwYHdDbxaPk.x6Vke4pD0Fx3k8GPSsifhljffAMkchhs7KyO', 'student', 'Amir Raza Ahad', '170115.cse@student.just.edu.bd', '01684227523', 'Computer Science And Engineering', 'A+', 'male', 'Palbari', 0, 0, '2024-01-10', '2024-01-10 15:19:57'),
(5, '$2y$10$gRaDJefZZrf3RfuUOUOysuPdG4iXZPwIc.cm6SitMLPJPBiS.Ygj6', 'student', 'Md.Abdul Maruf Siddiki', '170150.cse@student.just.edu.bd', '01785214488', 'Computer Science And Engineering', 'o+', 'male', 'Jashore University of Science and Technology', 0, 0, '2024-01-10', '2024-01-10 15:19:57'),
(6, '$2y$10$.ovYf2jzKitq.8oHYTJ.leFIs2.fmwdku6LrKcBPSMtJnaPjT3uci', 'student', 'MD Nafiur Rahman', '170151.cse@student.just.edu.bd', '01521257588', 'Computer Science And Engineering', 'B+', 'male', 'Ambottola', 0, 0, '2024-01-10', '2024-01-10 15:19:58'),
(7, '$2y$10$mDxW3bEAiQdaY9aJ3020MO2haUdZSy10RW8u/BqluIwDuOvJLFYse', 'student', 'Nahid Karim Emon', '180103.cse@student.just.edu.bd', '01956351793', 'Computer Science And Engineering', 'AB+', 'male', 'Churamonkathi', 0, 0, '2024-01-10', '2024-01-10 15:19:58'),
(8, '$2y$10$TDG94Ol6ZZo7sR9AjoRvkO1S7WDHFyDm01lTonOXrS.sC/VuQITn6', 'student', 'Abdul Wakil', '180105.cse@student.just.edu.bd', '01757255491', 'Computer Science And Engineering', 'B+', 'male', 'Ambottola', 0, 0, '2024-01-10', '2024-01-10 15:19:58'),
(9, '$2y$10$d9Eh85GOyN2g0r3PYWOcjenPITvhYprD9uFXSVPcGe5Cdl7UqpCRa', 'student', 'Badsha Ali', '180112.cse@student.just.edu.bd', '01757166360', 'Computer Science And Engineering', 'AB+', 'male', 'Nilgong Suparibagan', 0, 0, '2024-01-10', '2024-01-10 15:19:58'),
(10, '$2y$10$P45veoU44cQjky7GWpuLveGGTxL/d6V5GOVpVpt6xf3DnAWon4Tem', 'student', 'Mahmudul Hossain', '180119.cse@student.just.edu.bd', '01756348095', 'Computer Science And Engineering', 'A+', 'male', 'Ambortola', 0, 0, '2024-01-10', '2024-01-10 15:19:58'),
(11, '$2y$10$5Zvqd2uHm2/9fNIZr6LBpeOsFdcXDp7ym/UBdgxjjruIFSp0PODca', 'student', 'Mahbuba Islam Priya', '180142.cse@student.just.edu.bd', '01776860744', 'Computer Science And Engineering', 'B+', 'male', 'Sheikh Hasina Hall, JUST', 0, 0, '2024-01-10', '2024-01-10 15:19:58'),
(12, '$2y$10$8gS44LJk7FqV4Szigcra6e/YiSsTF9B/ugHIC1.zp/1Iyr63EmlJm', 'student', 'Shakil Hossain', '180143.cse@student.just.edu.bd', '01884385151', 'Computer Science And Engineering', 'O+', 'male', 'Main Varsity Gate', 0, 0, '2024-01-10', '2024-01-10 15:19:59'),
(13, '$2y$10$WHECCj318cWr93S4abcsqONGm4pFFwllEAQd0Gj6h/x6QD7qj2Zoq', 'student', 'Md Mosiur Rahman Romel', '180149.cse@student.just.edu.bd', '01780383246', 'Computer Science And Engineering', 'A+', 'male', 'Shahid Mashiur Rahman Hall,Jashore University of Science and Technology', 0, 0, '2024-01-10', '2024-01-10 15:19:59'),
(14, '$2y$10$i/bgWLpeNE16hojRBpii.OPTsmUwoA.B/8J5ZHlZ0d1kAe.vkImm6', 'student', 'Md. Zannatul Hassan Aotmick', '180151.cse@student.just.edu.bd', '01622684151', 'Computer Science And Engineering', 'A+', 'male', 'Just Hall', 0, 0, '2024-01-10', '2024-01-10 15:19:59'),
(15, '$2y$10$dW3FCfJ91nX67MTDX0/kkuKziA4Y7lmQSIegoytUjpizXR/ndOg8e', 'student', 'Tanvir Hossain', '190113.cse@student.just.edu.bd', '01971636762', 'Computer Science And Engineering', 'A+', 'male', 'Palbari S.M.R Hall', 0, 0, '2024-01-10', '2024-01-10 15:19:59'),
(16, '$2y$10$OCTC5bz5xno.nUE4rkiKheZL5hRgCW2rCyYW/NA.KYyOl8OGuEQn6', 'student', 'M.A. RAFI', '190114.cse@student.just.edu.bd', '+8801825787472', 'Computer Science And Engineering', 'B+', 'male', 'Murali Shaheed Mashiur Rahman Hall, Jashore University of Science and Technology', 0, 0, '2024-01-10', '2024-01-10 15:19:59'),
(17, '$2y$10$.Fn7LO8VV/6NpMmZHyiRh.sYwkoluT07uIHkqpBV3KyJCRgDawfwy', 'student', 'Masrafe Bin Seraj Sakib', '190116.cse@student.just.edu.bd', '01744110978', 'Computer Science And Engineering', 'O+', 'male', 'Shaheed Mosiur Rahman Hall Dharmotola, Jashore', 0, 0, '2024-01-10', '2024-01-10 15:20:00'),
(18, '$2y$10$OEvANM59yuNJ8vy0YWeOA.Ne.aA2pi7L8sSLJTk0kGwMz.H7uumrC', 'student', 'Nitay Chandra Das Sadia Islam', '190118.cse@student.just.edu.bd', '01704305651', 'Computer Science And Engineering', 'O+', 'male', 'Ghoshpara Road,Palbari Dharmatala', 0, 0, '2024-01-10', '2024-01-10 15:20:00'),
(19, '$2y$10$tZ8tQoqC.NwOSZUUqZVD/uEbADjqkj/kc0FSDPgrnZhN1bOZD1WQ6', 'student', 'Mohibul Hasan Refat', '190119.cse@student.just.edu.bd', '+8801878038097', 'Computer Science And Engineering', 'O+', 'male', 'SMRH, JUST Arobpur road, Jashore sadar.', 0, 0, '2024-01-10', '2024-01-10 15:20:00'),
(20, '$2y$10$J5OzWIYv/NQArmqNSAWjoehNkoq.PoOg3nVV5z34UxWFVH3k/o8p6', 'student', 'Abdul khaled Arafat', '190122.cse@student.just.edu.bd', '01835866504', 'Computer Science And Engineering', 'B+', 'male', 'Palbari, jashore.', 0, 0, '2024-01-10', '2024-01-10 15:20:00'),
(21, '$2y$10$/piHv2XGFZUvbA4Tg5uQQuPGxYEGSQ.bjZY6ugNFhqhk0hPUAP7e2', 'student', 'Tasnuba Tasnim', '190135.cse@student.just.edu.bd', '01612312312', 'Computer Science And Engineering', 'O+', 'male', 'SMRH, JUST Arobpur road, Jashore sadar.', 0, 0, '2024-01-10', '2024-01-10 15:20:00'),
(22, '$2y$10$Az3ggIUB18YfjNjCnb4kReco94CN.ZOfyt1NFh6FNLMNc/cNkLVk.', 'student', 'Niloy Das', '190151.cse@student.just.edu.bd', '01772204513', 'Computer Science And Engineering', 'AB+', 'male', 'Jashore', 0, 1, '2024-01-10', '2024-01-10 22:37:37'),
(23, '$2y$10$yj5bGRhZ8Zauu58iDB1JGePTHA/6BmhX9HPlgWNjX3kTjTSi48JNu', 'student', 'A K Arafat', 'hr3989012@gmail.com', '01551123121', 'Computer Science And Engineering', 'B+', 'male', '166/12 Ekrampur, Bandar, Narayangonj, Dhaka.', -1, 2, '2024-01-10', '2024-01-10 17:57:30'),
(25, '$2y$10$6dbLiaUGR.dUd..AgMR7MOIQXjniYuVJPJN2X0peAIFZuolve198S', 'student', 'Ahsan Mahmud Ashik', '190141.cse@student.just.edu.bd', '01835866504', 'Computer Science And Engineering', 'O+', 'male', 'Palbari road 7, Sathkhira.', -1, 4, '2024-01-11', '2024-01-10 18:16:14'),
(26, '$2y$10$oKEM7m7Q2pLIzhuDx/serugu6ZyfaP3JOo1tNNUm7sz09ig3QpMQa', 'student', 'Mahmodul Hasan', '190120.cse@student.just.edu.bd', '01676057540', 'Computer Science And Engineering', 'A+', 'male', 'Sherpur,Bogura', -1, 5, '2024-01-11', '2024-01-10 21:05:40'),
(27, '$2y$10$Q/WwbDuVmEmtWmp6fJS8j.Hb/snt1BbmD3ivZc93na27YLkaeUJKu', 'student', 'Tanvir Hossain ', '190121.cse@student.just.edu.bd', '01676057543', 'Computer Science And Engineering', 'A+', 'male', 'Bogura', 1, 6, '2024-01-11', '2024-01-10 22:32:26'),
(28, '$2y$10$mBQT4t.FKpmToL2GPF5Zo.TBwQBEu7KYRbfogVIwfo8RcSILykAj6', 'teacher', 'Niloy Das', '190150.cse@student.just.edu.bd', '01676057542', 'Computer Science And Engineering', 'A+', 'male', 'Chachra,Jashore.', 0, 7, '2024-01-11', '2024-01-10 22:47:33'),
(29, '$2y$10$W6RUFgG9Cl3m8Ob3jRBhAeiKwxHGOpk1yeH9khVrbqSGtMu0hqZxy', 'teacher', 'Tanvir Ahmed', 'tanvironton@gmail.com', '01676057549', 'Computer Science And Engineering', 'O+', 'female', 'khalishpur,khulna', 0, 8, '2024-01-11', '2024-01-10 22:01:32'),
(30, '$2y$10$BJvAL387tkfrb92jBZ0vn.f/q4DdZkm/38pEaZ4TRuLjDUFpRRiKO', 'student', 'Dipu Biswas', '190124.cse@student.just.edu.bd', '01676057530', 'Computer Science And Engineering', 'A+', 'male', 'Chachra,Jashore.', 0, 9, '2024-01-11', '2024-01-10 22:27:22'),
(31, '$2y$10$y2/jKdhkwH1f1//aGbbjluF8ByfWMnDfpCWyHP6lAOANHS4tAXIsa', 'teacher', 'Tanvir Hossain ', '190152.cse@student.just.edu.bd', '01676057541', 'Computer Science And Engineering', 'A+', 'male', 'khalishpur,khulna', 0, 10, '2024-01-11', '2024-01-10 22:50:46'),
(32, '$2y$10$Ul4KhOwXbmrFvmLZhd.kY.PjJDbcdeRE6a2mgUl353RyW4w90fVUe', 'teacher', 'Tanvir Hossain ', 'b.cse@just.edu.bd', '01676057532', 'Computer Science And Engineering', 'A+', 'male', 'Bogura', 0, 11, '2024-01-11', '2024-01-10 22:53:48');

--
-- Indexes for dumped tables
--

--
-- Indexes for table `tbl_attendance`
--
ALTER TABLE `tbl_attendance`
  ADD PRIMARY KEY (`id`);

--
-- Indexes for table `tbl_course_details`
--
ALTER TABLE `tbl_course_details`
  ADD PRIMARY KEY (`course_id`);

--
-- Indexes for table `tbl_course_enroll`
--
ALTER TABLE `tbl_course_enroll`
  ADD PRIMARY KEY (`id`);

--
-- Indexes for table `tbl_file`
--
ALTER TABLE `tbl_file`
  ADD PRIMARY KEY (`file_id`);

--
-- Indexes for table `tbl_student`
--
ALTER TABLE `tbl_student`
  ADD PRIMARY KEY (`id`);

--
-- Indexes for table `tbl_user`
--
ALTER TABLE `tbl_user`
  ADD PRIMARY KEY (`user_id`);

--
-- AUTO_INCREMENT for dumped tables
--

--
-- AUTO_INCREMENT for table `tbl_attendance`
--
ALTER TABLE `tbl_attendance`
  MODIFY `id` int(11) NOT NULL AUTO_INCREMENT, AUTO_INCREMENT=222;

--
-- AUTO_INCREMENT for table `tbl_course_details`
--
ALTER TABLE `tbl_course_details`
  MODIFY `course_id` int(11) NOT NULL AUTO_INCREMENT, AUTO_INCREMENT=16;

--
-- AUTO_INCREMENT for table `tbl_course_enroll`
--
ALTER TABLE `tbl_course_enroll`
  MODIFY `id` int(11) NOT NULL AUTO_INCREMENT, AUTO_INCREMENT=185;

--
-- AUTO_INCREMENT for table `tbl_file`
--
ALTER TABLE `tbl_file`
  MODIFY `file_id` int(11) NOT NULL AUTO_INCREMENT, AUTO_INCREMENT=12;

--
-- AUTO_INCREMENT for table `tbl_student`
--
ALTER TABLE `tbl_student`
  MODIFY `id` int(11) NOT NULL AUTO_INCREMENT, AUTO_INCREMENT=26;

--
-- AUTO_INCREMENT for table `tbl_user`
--
ALTER TABLE `tbl_user`
  MODIFY `user_id` int(11) NOT NULL AUTO_INCREMENT, AUTO_INCREMENT=33;
COMMIT;

/*!40101 SET CHARACTER_SET_CLIENT=@OLD_CHARACTER_SET_CLIENT */;
/*!40101 SET CHARACTER_SET_RESULTS=@OLD_CHARACTER_SET_RESULTS */;
/*!40101 SET COLLATION_CONNECTION=@OLD_COLLATION_CONNECTION */;
